100,Violet,BMX,58
98,Sancho,BMX,61
92,Keri,BMX,61
75,Blayne,BMX,62
78,Fern,BMX,76
60,Sylvan,BMX,84
54,Gayler,BMX,90
51,Falito,BMX,91
88,Spenser,BMX,99
52,Hyacinthia,BMX,107
77,Zorine,BMX,111
76,Becki,BMX,112
57,Kania,BMX,118
91,Buiron,MTB,53
62,Avis,MTB,55
59,Ellerey,MTB,62
97,Christi,MTB,71
94,Dorree,MTB,73
89,Rollins,MTB,75
58,Damara,MTB,78
93,Richmound,MTB,82
68,Jobie,MTB,92
79,Kalila,MTB,98
74,Karrah,PASEO,63
80,Celle,PASEO,65
82,Lisa,PASEO,76
64,Rolph,PASEO,77
63,Herrick,PASEO,91
99,Somerset,PASEO,93
72,Henriette,PASEO,94
96,Torie,PASEO,94
70,Jenda,PASEO,96
87,Izabel,PASEO,97
85,Laurens,PASEO,99
71,Lynea,PASEO,101
73,Giorgio,PASEO,102
84,Shea,PASEO,108
66,Jimmie,PLAYERA,51
83,Adams,PLAYERA,51
65,Kirbee,PLAYERA,71
90,Sol,PLAYERA,74
86,Alla,PLAYERA,82
95,Essie,PLAYERA,83
53,Mauricio,PLAYERA,84
61,Shannon,PLAYERA,85
56,Monique,PLAYERA,94
67,Buddie,PLAYERA,105
81,Auberta,PLAYERA,107
55,Warren,PLAYERA,109
69,Lothario,PLAYERA,117
